Datetime,Water Level (m)
2025-02-23 00:00:00,-0.7432039
2025-02-23 01:00:00,-0.58334816
2025-02-23 02:00:00,-0.36219177
2025-02-23 03:00:00,-0.2572274
2025-02-23 04:00:00,-0.2918663
2025-02-23 05:00:00,-0.38588953
2025-02-23 06:00:00,-0.49159226
2025-02-23 07:00:00,-0.6337671
2025-02-23 08:00:00,-0.77511007
2025-02-23 09:00:00,-0.8810392
2025-02-23 10:00:00,-0.9428921
2025-02-23 11:00:00,-0.8727429
2025-02-23 12:00:00,-0.55017054
2025-02-23 13:00:00,-0.180542
2025-02-23 14:00:00,0.03103074
2025-02-23 15:00:00,0.16997896
2025-02-23 16:00:00,0.29044142
2025-02-23 17:00:00,0.358942
2025-02-23 18:00:00,0.27989006
2025-02-23 19:00:00,0.027123667
2025-02-23 20:00:00,-0.26677084
2025-02-23 21:00:00,-0.5364405
2025-02-23 22:00:00,-0.8030216
2025-02-23 23:00:00,-1.0366014
2025-02-24 00:00:00,-1.1689328
2025-02-24 01:00:00,-1.1150991
2025-02-24 02:00:00,-0.67759436
2025-02-24 03:00:00,-0.22433633
2025-02-24 04:00:00,-0.061081886
2025-02-24 05:00:00,-0.09652467
2025-02-24 06:00:00,-0.20705976
2025-02-24 07:00:00,-0.3544403
2025-02-24 08:00:00,-0.5617742
2025-02-24 09:00:00,-0.789738
2025-02-24 10:00:00,-0.9850835
2025-02-24 11:00:00,-1.1368297
2025-02-24 12:00:00,-1.1849526
2025-02-24 13:00:00,-0.8154405
2025-02-24 14:00:00,-0.16131034
2025-02-24 15:00:00,0.24309282
2025-02-24 16:00:00,0.3859255
2025-02-24 17:00:00,0.50444686
2025-02-24 18:00:00,0.5307674
2025-02-24 19:00:00,0.39722982
2025-02-24 20:00:00,0.043842725
2025-02-24 21:00:00,-0.31520915
2025-02-24 22:00:00,-0.6060702
2025-02-24 23:00:00,-0.90258855
2025-02-25 00:00:00,-1.155547
2025-02-25 01:00:00,-1.3115914
2025-02-25 02:00:00,-1.1875954
2025-02-25 03:00:00,-0.44198364
2025-02-25 04:00:00,0.13428089
2025-02-25 05:00:00,0.25075486
2025-02-25 06:00:00,0.21481247
2025-02-25 07:00:00,0.059482552
2025-02-25 08:00:00,-0.2181442
2025-02-25 09:00:00,-0.5430866
2025-02-25 10:00:00,-0.82456416
2025-02-25 11:00:00,-1.055567
2025-02-25 12:00:00,-1.249097
2025-02-25 13:00:00,-1.3235301
2025-02-25 14:00:00,-0.78905016
2025-02-25 15:00:00,0.030310506
2025-02-25 16:00:00,0.44816303
2025-02-25 17:00:00,0.6255873
2025-02-25 18:00:00,0.76084584
2025-02-25 19:00:00,0.73101646
2025-02-25 20:00:00,0.45654276
2025-02-25 21:00:00,0.0053052455
2025-02-25 22:00:00,-0.38317132
2025-02-25 23:00:00,-0.7252786
2025-02-26 00:00:00,-1.0453204
2025-02-26 01:00:00,-1.300878
2025-02-26 02:00:00,-1.4328043
2025-02-26 03:00:00,-0.9307363
2025-02-26 04:00:00,0.011413657
2025-02-26 05:00:00,0.47194952
2025-02-26 06:00:00,0.54929435
2025-02-26 07:00:00,0.5035513
2025-02-26 08:00:00,0.26491794
2025-02-26 09:00:00,-0.12653433
2025-02-26 10:00:00,-0.5193484
2025-02-26 11:00:00,-0.82495636
2025-02-26 12:00:00,-1.1027768
2025-02-26 13:00:00,-1.3371285
2025-02-26 14:00:00,-1.4170917
2025-02-26 15:00:00,-0.6347896
2025-02-26 16:00:00,0.32440916
2025-02-26 17:00:00,0.74502635
2025-02-26 18:00:00,0.9671089
2025-02-26 19:00:00,1.0368506
2025-02-26 20:00:00,0.8769776
2025-02-26 21:00:00,0.4301041
2025-02-26 22:00:00,-0.057524674
2025-02-26 23:00:00,-0.4552517
2025-02-27 00:00:00,-0.8242024
2025-02-27 01:00:00,-1.1541568
2025-02-27 02:00:00,-1.40394
2025-02-27 03:00:00,-1.4725076
2025-02-27 04:00:00,-0.45050803
2025-02-27 05:00:00,0.46573925
2025-02-27 06:00:00,0.7545251
2025-02-27 07:00:00,0.8221553
2025-02-27 08:00:00,0.6812726
2025-02-27 09:00:00,0.3230986
2025-02-27 10:00:00,-0.1525916
2025-02-27 11:00:00,-0.56016904
2025-02-27 12:00:00,-0.87647164
2025-02-27 13:00:00,-1.1843821
2025-02-27 14:00:00,-1.4209216
2025-02-27 15:00:00,-1.4174914
2025-02-27 16:00:00,-0.25462478
2025-02-27 17:00:00,0.6717764
2025-02-27 18:00:00,1.012194
2025-02-27 19:00:00,1.2128713
2025-02-27 20:00:00,1.1751986
2025-02-27 21:00:00,0.84597754
2025-02-27 22:00:00,0.30833375
2025-02-27 23:00:00,-0.1628322
2025-02-28 00:00:00,-0.5655803
2025-02-28 01:00:00,-0.9439329
2025-02-28 02:00:00,-1.2627575
2025-02-28 03:00:00,-1.4812728
2025-02-28 04:00:00,-1.2392254
2025-02-28 05:00:00,0.0782894
2025-02-28 06:00:00,0.813634
2025-02-28 07:00:00,1.02998
2025-02-28 08:00:00,1.0488702
2025-02-28 09:00:00,0.78690994
2025-02-28 10:00:00,0.3144124
2025-02-28 11:00:00,-0.1795297
2025-02-28 12:00:00,-0.57651556
2025-02-28 13:00:00,-0.91382116
2025-02-28 14:00:00,-1.2287565
2025-02-28 15:00:00,-1.4435998
2025-02-28 16:00:00,-1.1734706
2025-02-28 17:00:00,0.17457245
2025-02-28 18:00:00,0.93615085
2025-02-28 19:00:00,1.256708
2025-02-28 20:00:00,1.3721061
2025-02-28 21:00:00,1.1887424
2025-02-28 22:00:00,0.69245857
2025-02-28 23:00:00,0.16074248
2025-03-01 00:00:00,-0.2835963
